name,latitude,longitude,free_bikes,empty_slots
Gare d'autocars de Montréal (Berri / Ontario),45.516926210319546,-73.56425732374191,9,3
Marché Maisonneuve,45.55321884238814,-73.53978216648102,14,8
Bibliothèque d'Ahuntsic (Lajeunesse / Fleury),45.5534000891078,-73.66225451231003,8,5
Cité des Arts du Cirque (Paul Boutet / des Regrattiers),45.55984236120471,-73.61544728279114,8,26
Omer-Lavallée / du Midway,45.5457759528664,-73.56217458844185,6,12
Papineau / Émile-Journault,45.55988367688166,-73.63356828689575,11,23
CHSLD St-Michel (8e avenue / Jarry),45.5616903,-73.610512,7,7
Chabanel / du Parc,45.53830765459552,-73.6548838019371,0,28
Métro Henri-Bourassa (Henri-Bourassa / Millen),45.55675103297278,-73.66716161370277,10,6
St-Hubert / de Maisonneuve (sud),45.51586835126322,-73.56008380651474,4,14
CHSLD Joseph-François-Perrault (St-Michel / Everett),45.55969734528566,-73.60145956277847,4,13
Parc Nicolas-Tillemont (des Érables / Villeray),45.55463653358596,-73.61255215771962,6,10
Préfontaine / Marcel-Pépin,45.54365380040509,-73.55942063033581,8,9
BAnQ (Berri),45.51601387670667,-73.56291957199574,13,0
Messier / St-Joseph,45.53946063965585,-73.57605636119843,7,8
Square Viger (Berri / Viger),45.5121682576952,-73.55481594800949,11,14
Dorion / Ontario,45.526991277453526,-73.55821162462234,21,14
Square Victoria (Viger / du Square-Victoria),45.50206,-73.56295,2,16
Métro Peel (de Maisonneuve / Stanley),45.50038,-73.57507,6,43
Métro Place-d'Armes (Viger / St-Urbain),45.50631445605528,-73.55967122894072,19,14
Jeanne-Mance / Sherbrooke,45.50928678961862,-73.57101917266846,5,19
Métro Laurier (Berri / St-Joseph),45.52723106564012,-73.58672618865965,3,15
Métro Frontenac (Ontario / du Havre),45.533705987798946,-73.55217933654784,16,6
du Mont-Royal / Clark,45.51941,-73.58685,17,16
Gary-Carter / St-Laurent,45.53613488953656,-73.62258464097977,28,9
Métro Parc  (Hutchison / Ogilvy),45.53035130173597,-73.6243924498558,8,24
6e avenue / Villeray,45.55873962047568,-73.60589044634253,3,12
des Bassins / du Séminaire,45.49047561880464,-73.56022328138351,34,0
St-Jacques / Vinet,45.485328993998365,-73.57692271471024,4,11
Métro Lionel-Groulx (St-Jacques / Atwater),45.48295816149219,-73.57975836854166,31,0
Métro Pie-IX (Pierre-de-Coubertin / Desjardins),45.554373399819674,-73.55137467384337,3,37
du Parc-Lafontaine / Rachel,45.52551168509886,-73.57424452900887,17,0
Ste-Catherine / St-Clément,45.55671730558936,-73.53024959564209,6,9
de l'Hôtel-de-Ville / Rachel,45.51989655507833,-73.58010649681091,12,1
Workman / Vinet,45.483788863965174,-73.5750612616539,7,16
Métro Acadie (de l'Acadie / Beaumont),45.52357479400008,-73.62344294786453,3,10
Métro Crémazie (Crémazie / Lajeunesse),45.54640752148169,-73.63842844963074,3,10
Lajeunesse / Villeray,45.54218173507584,-73.62268656492233,7,7
Berri / Rachel,45.52275023118295,-73.57724860310555,8,11
Métro Sauvé (Berri / Sauvé),45.550692068419764,-73.65636706352234,15,9
Tolhurst / Fleury,45.54407915308118,-73.66735741496086,6,10
Métro Sherbrooke (de Rigaud / Berri),45.51814312154928,-73.56800436973572,16,11
Marché Atwater,45.48020822800015,-73.57759863138199,13,19
Métro St-Laurent (de Maisonneuve / St-Laurent),45.51074821798916,-73.56512099504471,9,13
Pierre-de-Coubertin / Aird,45.55903106539297,-73.54830354452133,16,11
Frontenac / Ste-Catherine,45.53006276144042,-73.54559183120728,3,16
Lanaudière / Jean-Talon,45.545350334193245,-73.61032962799072,2,20
de Maisonneuve / Mansfield (sud-est),45.50229349416256,-73.5733064264059,0,23
Clark / de l'Arcade,45.527371996141,-73.60398352146149,2,15
Sherbrooke / Jeanne-d'Arc,45.55398156058887,-73.55496388156098,6,21
Métro Papineau (Dorion / De Maisonneuve),45.5238445756922,-73.55236601831166,26,5
Duke / Nazareth,45.49572236030835,-73.55461344122887,1,18
Parc Molson (d'Iberville / Beaubien),45.54902230455398,-73.59198164194822,12,5
de Bellechasse / de Lanaudière,45.539306918976,-73.59521873295307,8,6
Notre-Dame / St-Martin,45.48830194643546,-73.56871783733366,10,7
des Érables / Rachel,45.533313304815366,-73.56671154499054,15,4
Jean-Talon / de l'Épée,45.527941351769826,-73.62388551235199,4,11
St-Rémi / Ste-Émilie,45.46976497412213,-73.58923405408859,8,17
Métro St-Michel (Shaughnessy / St-Michel),45.55897660298603,-73.59951764345168,7,8
Cartier / Marie-Anne,45.53280412806031,-73.57190161943436,17,9
St-Grégoire / Christophe-Colomb,45.53255611409675,-73.58993947505951,29,10
6e Avenue / Bélanger,45.554582815249745,-73.59631910920143,4,15
St-Urbain / Laurier,45.52164617544124,-73.59366774559021,1,18
Masson / Molson,45.54434593245247,-73.57697686180472,9,4
Roy / St-André,45.521564270906616,-73.57036739587784,14,9
Atwater / Sherbrooke,45.4912258547597,-73.58763009309769,11,12
Ste-Catherine / Bishop,45.49658063218649,-73.5762146115303,2,17
Métro Lucien-L'Allier (Lucien l'Allier / Argyle),45.49487159597493,-73.57112377882004,1,16
Ste-Catherine / Towers,45.49228068089086,-73.58096480369566,12,10
Viger / Chenneville,45.50531166520915,-73.56089115142822,6,26
Métro Viau (Pierre-de-Coubertin / Viau),45.56221872617909,-73.54626774787903,13,34
Stanley / René-Lévesque,45.49790394592446,-73.57077571808077,29,10
de Maisonneuve / Aylmer (ouest),45.505173440423306,-73.5706517100334,7,30
de Maisonneuve / Aylmer (est),45.50538591756765,-73.5704317688942,16,5
Métro Joliette  (Hochelaga / Joliette),45.54699194653282,-73.55115339159964,7,22
Ottawa / du Séminaire,45.4912954250061,-73.56159925460815,21,2
Parc St-Henri (Laporte / Guay),45.4801160762769,-73.58560770750046,9,5
de Maisonneuve / Mansfield (nord),45.502386079583346,-73.57333794236183,1,17
de Maisonneuve / Mansfield (sud),45.502053864057466,-73.57346534729004,15,11
McTavish / Sherbrooke,45.50277615861811,-73.57589408755302,4,41
de Bleury / de Maisonneuve,45.50710632433956,-73.56861054897308,2,17
Ste-Catherine / Drummond,45.498488900657,-73.57436656951904,5,14
de la Montagne / Notre-Dame,45.492913379064625,-73.5646878182888,23,0
Jeanne-Mance / René-Lévesque,45.5063713381299,-73.5642009973526,14,44
Cathcart / McGill College,45.501187681489775,-73.57045487814501,0,27
de la Côte St-Paul / St-Ambroise,45.467665653865964,-73.59391784324544,16,8
Jacques-Casault / Christophe-Colomb,45.551961779348346,-73.6303174495697,6,10
Garnier / Beaubien,45.54144823434163,-73.59839379787445,1,11
de Maisonneuve / Fullum,45.52797141659334,-73.54948371648788,1,16
Hamel / Sauriol,45.56157008176612,-73.65338176488876,11,4
Parc Henri-Julien (Legendre / Henri-Julien),45.546128338386644,-73.64650368695946,5,14
Ontario / Ville-Marie,45.56001959585449,-73.534934520776,11,8
Ball / Bloomfield,45.529996997063385,-73.63287091255188,6,4
Parc Villeray (Christophe-Colomb / Jarry),45.548513207676116,-73.62365484237671,2,13
Notre-Dame / St-Gabriel,45.50714391928411,-73.55511903762817,1,14
St-Hubert / de Maisonneuve (nord),45.51613214980722,-73.56049686670303,8,15
Robert-Bourassa / St-Maurice,45.49837045828952,-73.56055587530136,1,21
St-Antoine / Jean-Paul Riopelle,45.502939709023714,-73.56064036488532,2,18
Complexe sportif Claude-Robillard (Émile-Journault),45.55358456339093,-73.6383855342865,15,7
Villeray / de Normanville,45.54718706660108,-73.6184298992157,6,17
15e avenue / Laurier,45.55331992800521,-73.56932803988457,11,13
de la Commune / Berri,45.51086,-73.54983,41,27
de la Commune / St-Sulpice,45.50424245563397,-73.553469479084,16,28
CHSLD Robert Cliche (de Bellechasse / 16e avenue),45.557568,-73.579191,12,2
St-Jacques / des Seigneurs,45.489185716082275,-73.57190027832984,15,8
Richmond / des Bassins,45.48752158511353,-73.56500297784805,10,20
de la Commune / Place Jacques-Cartier,45.50761009451047,-73.55183601379395,26,55
St-Antoine / de la Montagne,45.495369835210354,-73.56859177350998,7,11
Métro Georges-Vanier (St-Antoine / Canning),45.4891,-73.57656,12,4
Métro Mont-Royal (Utilités publiques / Rivard),45.52423612093815,-73.58155220746994,8,35
Peel / Notre-Dame,45.49544692088696,-73.56329441070557,16,26
Atwater / Greene,45.480495143306044,-73.57782661914825,22,3
Georges-Vanier / Notre-Dame,45.485047979822774,-73.5719633102417,16,2
de la Commune / King,45.49750375338383,-73.55284452438353,1,86
Smith / Peel,45.49276061084002,-73.55641052126883,5,13
William / Robert-Bourassa,45.49716534003792,-73.55933010578154,3,18
des Pins / St-Laurent,45.51522812881499,-73.5750961303711,23,2
Émile-Duployé / Sherbrooke,45.52719536319051,-73.5645255446434,15,7
Métro Atwater (Atwater / Ste-Catherine),45.48952522221574,-73.5844581949641,12,30
Complexe Desjardins (St-Urbain / René-Lévesque),45.50788520688478,-73.56315059590997,9,29
BIXI K5,45.530297633587914,-73.60139787197113,1,12
Ste-Catherine / Union,45.50370387789841,-73.56941521167755,12,21
Place du Canada (Peel / des Canadiens-de-Montréal),45.497795545133336,-73.56825113296509,1,25
Aylwin / Ontario,45.544290485374304,-73.54523241519928,24,3
Molson / William-Tremblay,45.541602844435374,-73.56496073305605,6,23
St-Jacques / Richmond,45.4906636488045,-73.57080727815628,19,4
Marché Jean-Talon (Casgrain / Shamrock),45.53519006163501,-73.61548215150833,16,7
Fabrik8 (Waverly / Jean-Talon),45.53330725719417,-73.62082242965698,1,14
Ottawa / William,45.48972725318433,-73.56406286358833,13,1
CÉGEP du Vieux-Montréal (Ontario / de l'Hôtel-de-Ville),45.51401222645779,-73.56598667800426,13,0
de Gaspé / Marmier,45.529668174024685,-73.60166944563389,5,16
Boyer / Rosemont,45.53409866804061,-73.59553456306458,3,25
Laurier / de Bordeaux,45.53725128371284,-73.57918381690979,4,19
Métro Rosemont (de St-Vallier / Rosemont),45.531921043052655,-73.59804779291153,1,22
Boyer / Beaubien,45.537041,-73.602026,10,15
de Lanaudière / Marie-Anne,45.52932643090091,-73.57480645179749,15,3
Boyer / Bélanger,45.54006,-73.60897,5,17
de Lanaudière / Bélanger,45.54365085053057,-73.60565051436424,9,13
de la Gauchetière / Robert-Bourassa,45.50064338023683,-73.5654079914093,15,11
Mozart / Waverly,45.5315236502754,-73.61701235175133,6,9
Aylmer / Ste-Catherine,45.50434678685089,-73.56894850730896,11,16
Hutchison / Beaubien,45.52605851018324,-73.61296892166138,1,23
Christophe-Colomb / St-Joseph,45.53036486555959,-73.58439266681671,13,10
Métro Fabre (Fabre / Jean-Talon),45.54667895468375,-73.60795050859451,4,11
Jeanne-Mance / Laurier,45.52027633320609,-73.59497621666378,9,12
de Gaspé / Fairmount,45.52557815939422,-73.59285570681095,0,22
Henri-Julien / du Carmel,45.52795093787009,-73.59502326697111,0,23
de l'Hôtel-de-Ville / Villeneuve,45.52348082760688,-73.58732756238169,8,15
Hélène-Baillargeon / St-Denis,45.52974,-73.59527,4,15
Vallières / St-Laurent,45.518967223320054,-73.5836161673069,9,14
Hutchison / Van Horne,45.52497612960628,-73.61066222190857,3,16
Waverly / Bernard,45.52562443297396,-73.60413372516632,4,19
de St-Vallier / St-Zotique,45.536434338630336,-73.60783427975548,10,9
des Pins / Hutchison,45.510800289485616,-73.57822090387344,11,12
Chambord / Gilford,45.53149589691095,-73.58106877662067,3,16
Maguire / St-Laurent,45.524628485592636,-73.5958108305931,2,21
Gilford / des Érables,45.53728040418993,-73.57534691691399,0,18
de Bordeaux / Rachel,45.53207532297607,-73.56769983980485,19,1
Marquette / du Mont-Royal,45.53221791147474,-73.57543140649796,12,10
Marquette / Laurier,45.53543,-73.5822,6,21
Gilford / de Brébeuf,45.530870247773066,-73.58155757188797,3,20
Marquette / Rachel,45.52983801723605,-73.5703244805336,13,0
St-André / Cherrier,45.52051578783967,-73.567695915699,10,14
Messier / du Mont-Royal,45.53711414,-73.5710031,27,6
St-Dominique / Napoléon,45.51666442219882,-73.57722043991089,21,1
de l'Esplanade / Villeneuve,45.51943184213857,-73.59095953859651,10,7
Jeanne-d'Arc / Ontario,45.54959767887176,-73.54187428951263,9,13
Poupart / Ontario,45.531836726498305,-73.55348825454712,6,13
Logan / de Champlain,45.5231943285584,-73.55584256350994,6,13
Parc Baldwin (Chapleau / Sherbrooke),45.53536352346638,-73.56201391202376,0,37
Jean Langlois / Fullum,45.526499983000186,-73.54575277422555,5,26
Fullum / Marie-Anne,45.53650541861215,-73.56803923845291,19,7
Montcalm / Ontario,45.52110494530867,-73.56229394674301,19,1
de Mentana / Marie-Anne,45.526026565221414,-73.57785880565643,3,22
Durocher / Beaumont,45.52799772330074,-73.61919969320297,4,14
Métro Beaudry (Beaudry / Ste-Catherine),45.51888453178292,-73.55593845248222,15,8
Parc Joseph-Robin (18e avenue / Everett),45.56481129244175,-73.59580412507057,19,0
de l'Hotel-de-Ville / Ontario,45.51374520222444,-73.56666326522826,14,12
Beaudry / Sherbrooke,45.52303493310712,-73.56539458036421,4,23
St-André / Ste-Catherine,45.516297540849614,-73.55801045894623,9,17
de l'Hôtel-de-Ville / Sherbrooke,45.514524730294404,-73.56835573911665,1,24
Marie-Anne / St-Hubert,45.5246829812827,-73.5788968205452,4,17
du Parc-La Fontaine / Duluth,45.52451761488783,-73.57197672128677,15,6
de l'Hôtel-de-Ville / Ste-Catherine,45.51166045593874,-73.56213569641113,22,9
St-Hubert / Duluth,45.522425652788634,-73.57418417930603,11,12
des Récollets / McGill,45.5008764952487,-73.55900555849075,1,22
Parc Hilda-Ramacière (de Bullion / Prince-Arthur),45.51562131982338,-73.57212960720062,3,15
du Champ-de-Mars / Gosford,45.50965520472071,-73.55400860309601,5,17
St-Denis / Ste-Catherine,45.51372291221464,-73.5603104531765,10,30
St-Alexandre / Ste-Catherine,45.50527354034462,-73.5674786567688,6,19
Basile-Routhier / Chabanel,45.549846830745,-73.64767402410507,11,8
Maguire / Henri-Julien,45.527041096087785,-73.59347056655677,0,18
Clark / Prince-Arthur,45.513342512307055,-73.57301607728004,7,23
de St-Firmin / Fleury,45.570624722078364,-73.6517858505249,6,13
Francis / Fleury,45.56387237463668,-73.6555677652359,7,9
de Chateaubriand / Jarry,45.54588672296563,-73.62673670053482,7,8
Parc Champdoré (Champdoré / de Lille),45.5692509593831,-73.63642623429769,6,9
du Mont-Royal / Augustin-Frigon,45.54355786336148,-73.56780052185059,7,12
Ernest-Gendreau / du Mont-Royal,45.549713734001415,-73.56384828686714,19,4
Everett / Garnier,45.54758153109644,-73.61220851540565,0,14
8e avenue / Dandurand,45.550113551561694,-73.5772217810154,12,6
Berri / Cherrier,45.519266156911335,-73.5692971944809,20,19
Parc Lalancette (de Rouen / Valois),45.54814504700217,-73.5471260547638,11,9
Rousselot / Jarry,45.55081979211847,-73.62088680267334,9,5
Henri-Julien / de Castelnau,45.53789110878484,-73.6182153224945,8,14
1ère  avenue / St-Zotique,45.551937362101,-73.59392791986465,10,3
Duluth  / St-Denis,45.52062760607925,-73.57594907283782,4,11
St-Nicolas / Place d'Youville,45.501966859101564,-73.55515256524086,2,20
12e avenue / St-Zotique,45.5568667309625,-73.589306473732,4,18
Valois / Ste-Catherine,45.54522973039872,-73.53725016117096,13,9
Clark / Fleury,45.54758205939525,-73.66522908210754,5,10
de l'Hôtel-de-Ville / Roy,45.51733075399989,-73.57449866831303,15,4
19e avenue / St-Zotique,45.56168275734862,-73.58564794063568,11,11
Ste-Catherine / Dézéry,45.539385081961676,-73.54099988937377,8,10
35e avenue / Beaubien,45.570081,-73.573047,6,17
de Léry / Sherbrooke,45.54099971663243,-73.55826258659361,4,21
Parc du Pélican (1ere Ave / Masson),45.54518840394769,-73.57644259929657,26,13
André-Laurendeau / Rachel,45.54303187243879,-73.56256484985352,12,11
Rosemont / Viau,45.56833021674857,-73.56666326522826,5,18
Parc des Hirondelles (Fleury / André-Jobin),45.5762948651025,-73.646759390831,14,5
du Parc-La Fontaine / Roy,45.5232203879173,-73.56916093829568,3,16
Alfred Laliberté / de Poutrincourt,45.53308032414161,-73.6945965886116,6,6
City Councillors / du President-Kennedy,45.50625103256782,-73.57139065861702,8,23
St-Dominique / Bernard,45.52793332015246,-73.60122251338906,3,16
10e avenue / Masson,45.55037651450808,-73.57373356819151,19,8
Prince-Arthur / du Parc,45.51044465753362,-73.5755842924118,27,6
Milton / du Parc,45.50936142835129,-73.57386365532875,9,22
Métro Place-des-Arts (du Président-Kennedy / Jeanne-Mance),45.508204615051355,-73.56881439685822,10,16
Place des Festivals (du Président-Kennedy / de Bleury),45.50764392965887,-73.56932401657104,9,18
26e avenue / Beaubien,45.56485589064712,-73.5774926841259,9,6
Union / Ste-Catherine,45.504027213143104,-73.56970220804214,44,3
Parc de la Louisiane (31e avenue / de Bellechasse),45.566542615726334,-73.57124984264374,1,17
Ste-Catherine / St-Laurent,45.50991130818593,-73.56380604207516,14,17
Clark / Rachel,45.517537449207474,-73.58241524554614,6,16
St-Laurent / Pl. du Marché,45.50928960913111,-73.56241598725319,12,15
St-Urbain / de la Gauchetière,45.50707812811467,-73.56139540672302,15,28
Stanley / Sherbrooke,45.50105732321463,-73.57722634080346,7,23
University / Prince-Arthur,45.5074794530521,-73.57864737510681,4,43
Joseph-Manseau / René-Levesque,45.491686521008035,-73.57682347297668,13,5
Henri-Julien / Laurier,45.52574657625029,-73.59033644199371,4,14
Waverly / Van Horne,45.527363,-73.607723,12,3
Ste-Catherine / St-Mathieu,45.49384690142783,-73.57917845249176,23,7
Gilford / St-Denis,45.52497612960628,-73.58558893203735,19,13
Chabot / du Mont-Royal,45.53413436610844,-73.57352435588837,12,11
Boyer / du Mont-Royal,45.527432126380575,-73.57991673052311,3,22
Mackay / Ste-Catherine,45.495774063803815,-73.57687845826149,11,16
St-Hubert / Laurier,45.52893724049854,-73.58786880970001,3,15
Coloniale / Duluth,45.51786873150825,-73.57842743396758,15,4
de l'Esplanade / du Mont-Royal,45.51825290855221,-73.5883381962776,15,7
St-Dominique / Laurier,45.52361490311454,-73.59245739877223,4,19
Hutchison / Prince-Arthur,45.50975858607626,-73.57610732316971,19,3
Plessis / Ontario,45.523593057451045,-73.56109768152237,17,2
Sherbrooke / Frontenac,45.53673221553339,-73.560796189131,3,12
27e avenue / Rosemont,45.563709940264175,-73.57139468193054,2,15
St-Germain / Hochelaga,45.543652466151,-73.5534825682771,7,7
Fullum / de Rouen,45.53225536243612,-73.55892024004788,14,9
29e avenue / St-Zotique,45.56776565172907,-73.57968807220459,6,9
Wolfe / Robin,45.51959908817399,-73.56020073872969,14,7
Chomedey / de Maisonneuve,45.491750449903954,-73.58394473791122,18,7
Letourneux / Ste-Catherine,45.55078357889704,-73.53409996037954,18,0
Rachel / de Brébeuf,45.526911494644025,-73.5727014299664,19,6
Mansfield / Ste-Catherine,45.50140664031126,-73.57165485620499,0,43
Poupart / Logan,45.52997432204594,-73.54900679552884,7,16
Parc Ludger-Duvernay (St-André / St-Hubert),45.53147464147482,-73.59242051839828,5,14
Lucien L'Allier / St-Jacques,45.49354367087787,-73.568536271232,8,14
Milton / University,45.50651983995355,-73.57640504837036,11,28
Métro Bonaventure (de la Gauchetière / de la Cathédrale),45.49831217703312,-73.56725603342056,0,27
Clark / Laurier,45.522583792261266,-73.59361327255101,8,9
Labadie / du Parc,45.5198946757576,-73.59682738780975,10,9
St-Zotique / Clark,45.53143760098197,-73.61270070075989,3,12
Bélanger / St-Denis,45.53696,-73.61199,11,9
Tupper / du Fort,45.491202175002506,-73.58074486255646,7,8
Cartier / Rosemont,45.54124722370603,-73.59104454517365,6,10
1ere avenue / Jean-Talon,45.55490679722509,-73.60114574432373,5,9
de Bordeaux / St-Zotique,45.546534315701145,-73.59866335988045,7,16
de Castelnau / Lajeunesse,45.54043190217008,-73.61650675535202,5,17
Wolfe / de la Gauchetière,45.51625372636654,-73.55291748050148,20,6
Marché Jean-Talon (Henri-Julien / Jean-Talon),45.53678525128436,-73.6148879583925,4,19
Bloomfield / Bernard,45.520338193708305,-73.60775470733641,5,20
St-Cyril / Wiseman,45.52085479492202,-73.61573964357376,1,22
Métro Jean-Talon (Berri / Jean-Talon),45.53900036432657,-73.6142510175705,5,13
Dollard / Bernard,45.51678269880724,-73.61142262816429,6,16
Dollard / Van Horne,45.51887607468706,-73.6161071062088,6,13
Graham / Brookfield,45.52022241072457,-73.62985610961914,3,20
Regina / de Verdun,45.46729397908692,-73.57081098485651,15,3
Victoria Hall,45.48129146961133,-73.6003303527832,11,3
Victoria / de Maisonneuve,45.47742856483265,-73.60016942024231,11,2
Place Longueuil,45.52841043752244,-73.51716578006744,1,13
Parc Benny (Benny / de Monkland),45.46693565237702,-73.63153114914894,12,11
Querbes / Laurier,45.517503062030734,-73.59790614807935,14,1
Berlioz / de l'Île des Soeurs,45.45998577640931,-73.54395568370819,20,1
Métro Lasalle (de Rushbrooke / Caisse),45.47039991066639,-73.56551858292733,13,9
Place du Commerce,45.46714,-73.54259,8,25
Métro Villa-Maria (de Monkland / Décarie),45.4789683985657,-73.61959934234618,0,25
des Ormeaux / Notre-Dame,45.59926552299961,-73.51226069033146,18,4
La Ronde,45.52156536710626,-73.53533238172531,1,21
Wilderton  / Van Horne,45.51014162409143,-73.6247518658638,13,13
U. Concordia - Campus Loyola (Sherbrooke / West Broadway),45.45750908083069,-73.6394852399826,4,23
Métro Vendôme (de Marlowe / de Maisonneuve),45.47393028235147,-73.60473453998564,2,25
Paré / Mountain Sights,45.49810026070624,-73.65294188261032,10,2
Métro Côte-Ste-Catherine (Beaucourt / de la Côte-Ste-Catherine),45.491513,-73.633649,8,13
de la Côte St-Antoine / Royal,45.468926984877434,-73.6198702454567,10,8
de Monkland / Girouard,45.47710675189806,-73.6214379966259,16,10
Quai de la navette fluviale,45.51366626207095,-73.53842496871948,13,4
de Laprairie / Centre,45.48059248038378,-73.56577813625336,5,10
CCI Outremont (Dollard / Ducharme),45.520019102391636,-73.61890733242035,7,7
Parc Beaubien Outremont (Stuart / St-Viateur),45.515969694922276,-73.60827505588531,4,10
Durocher / Bernard,45.52222528598142,-73.60668718814848,8,7
Métro Verdun (Willibrord / de Verdun),45.45944369868444,-73.57247931886377,15,12
Métro de l'Église (Ross / de l'Église),45.462835777941144,-73.565876549128,16,1
Graham / Wicksteed,45.51693654712809,-73.64048302173615,6,12
Métro Université de Montréal (Édouard-Montpetit / Louis-Collin),45.50363996257211,-73.6182689666748,17,8
Kirkfield / de Chambois,45.51293324107222,-73.63389015197754,12,11
Métro Langelier (Langelier / Sherbrooke),45.58284663189181,-73.54247644543648,6,11
Métro Radisson (Sherbrooke / des Groseilliers),45.58917500418707,-73.53965610265732,14,4
Grand Boulevard / de Terrebonne,45.470535000953966,-73.63165721297264,2,18
Aréna Rodrigue-Gilbert (du Tricentenaire / de Montigny),45.65140583915357,-73.50041270256041,4,11
Pierre-de-Coubertin / Langelier,45.580314546424674,-73.5353136062622,8,7
Graham / Kindersley,45.514080696641386,-73.64694982767105,20,1
Bourgeoys / Favard,45.47993042065731,-73.55592101812363,20,6
Michelet / Jean-Talon,45.57627820285533,-73.58353972434998,3,19
Centre ÉPIC (St-Zotique / 40e avenue),45.57414703721992,-73.57462137937546,0,20
Grey / Sherbrooke,45.47629426230192,-73.60617488622665,14,0
Bélanger / des Galeries d'Anjou,45.59722114932571,-73.56279015541077,6,12
Métro Assomption (Chauveau / de l'Assomption),45.569789,-73.548081,0,22
de l'Église / de Verdun,45.46300108733155,-73.57156895217486,1,17
Argyle / de Verdun,45.45301583620112,-73.57191503047943,14,7
St-Joseph / 8e avenue Lachine,45.431518914135125,-73.67110446095467,15,12
8e avenue / Notre-Dame Lachine,45.43498715540587,-73.67079868912697,10,7
Parc St-Louis (St-Joseph / 34e avenue),45.432839840726125,-73.69349151849747,5,16
Victoria / 18e avenue Lachine,45.43579350588776,-73.6801904439926,5,8
St-Joseph Lachine / 21e avenue,45.43352120253739,-73.68354320526123,15,4
de la Vérendrye / 75e avenue,45.42070552680549,-73.62966051438889,9,10
Mairie d'arrondissement LaSalle (Dupras / Jeannette),45.429166968311485,-73.66280972957611,6,5
Parc Lacharité (Latour / Forget),45.41773748108526,-73.62338548639853,5,14
Newman / Senkus,45.44404309237571,-73.61375212669373,12,6
LaSalle / Crawford,45.43791516514076,-73.58253550531117,2,10
Métro Jolicoeur (de Sève / Drake),45.45608545783109,-73.58193710446358,10,8
Beatty / de Verdun,45.450729976972944,-73.5725748538971,11,11
Parc de Dieppe,45.501863463435576,-73.5439610481262,7,24
Jogues / Allard,45.450020323797766,-73.60030621290207,7,12
Ropery / Augustin-Cantin,45.48097552629275,-73.56863468885422,12,8
Gagne / LaSalle,45.422451407155854,-73.601194024086,17,1
LaSalle / 37e avenue,45.416294661505354,-73.6129005253315,14,5
Fortune / Wellington,45.477923,-73.559038,14,13
Du Quesne / de Marseille,45.575812361972055,-73.54123055934906,4,19
Métro Cadillac (Cadillac / Sherbrooke),45.57683333463968,-73.54647415224463,14,5
Parc Loyola (Doherty / Somerled),45.45973217968101,-73.64468067884445,14,1
Métro Honoré-Beaugrand (Sherbrooke / Honoré-Beaugrand),45.59685627935051,-73.53526366878214,1,19
Ste-Claire / Pierre-Tétreault,45.60191332161639,-73.52441847324371,8,7
Parc Félix-Leclerc (François-Boivin / St-Zotique),45.5914549914687,-73.56275528669356,9,4
Duchesneau / de Marseille,45.60962627826218,-73.52273898082785,14,4
Parc MacDonald (Clanranald / Isabella),45.48274245886277,-73.63497912883759,1,12
Parc nature de l'Île-de-la-Visitation (Gouin / de Bruchési),45.57833184623925,-73.65595400333405,1,16
Parc Georges St-Pierre (Oxford / Upper Lachine),45.46887995929811,-73.60943913459778,14,4
Parc de la Confédération (Fielding / West Hill),45.471881993586074,-73.64002168178558,21,2
Métro du Collège (Cartier / Décarie),45.50843904979172,-73.6729645729065,12,4
des Récollets / Martial,45.590916779468024,-73.64067547023296,6,10
41e avenue / Rosemont,45.57178977666956,-73.56431499123573,14,5
Notre-Dame-de-Grâce / Westmount,45.48046706437983,-73.61122308304402,9,6
Elgar / de l'Île-des-Sœurs,45.45682318753668,-73.546804189682,9,4
Plymouth / Chem.Eden,45.506488823782234,-73.66047888994217,9,4
Parc Ferland (Belleherbe / Albanel),45.59573798024675,-73.59529852867126,3,11
de Lisieux / Jean-Talon,45.57934937043077,-73.58168095350266,1,16
O'Brien / Poirier,45.52252484113786,-73.69143962860107,7,14
de Maisonneuve / Wood,45.48819793805841,-73.58807051185067,6,11
Thimens / Alexis-Nihon,45.50897852206792,-73.69856357574463,4,4
Parc Van Horne (de la Peltrie / de Westbury),45.490494421832885,-73.63852232694626,11,4
Hôpital Sacré-Coeur (Forbes),45.531943590076395,-73.71360540390015,5,8
Parc de Beauséjour (Gouin / Henri-d'Arles),45.526765,-73.730423,8,8
Liébert / Hochelaga,45.59587457490178,-73.52352797985077,8,11
LaSalle / Godin,45.44693448484644,-73.57219934463501,22,4
Argyle / Bannantyne,45.453318765468914,-73.5767751932144,10,5
Parc Courbertin (Valéry / Perrier),45.5839877335556,-73.60809333622456,7,12
Cégep André-Laurendeau (Lapierre),45.43605512104547,-73.60577523708344,28,1
du Marché Central / Crémazie,45.53341740599902,-73.64888370037079,6,7
Place Rodolphe-Rousseau (Gohier / Édouard-Laurin),45.5129938566323,-73.68249848484993,5,19
Parc Marlborough (Beauzèle / Robichaud),45.52234149817879,-73.72167885303497,11,4
Champdoré / de Lorimier,45.566869345371856,-73.64101678133011,6,7
Beurling / Godin,45.44791581215845,-73.58381867408752,10,8
Dixie / 54e avenue,45.44255264540259,-73.71770113706589,10,9
Stationnement incitatif de Montarville (de Montarville),45.6011635681891,-73.44999354332685,13,6
Laird / Glencoe,45.50619158460727,-73.64230799681536,3,10
Parc Labelle (LaSalle / Henri-Duhamel),45.47256100297732,-73.56998920440674,18,0
Souligny / Desmarteau,45.60444089974122,-73.51611837744713,13,1
des Ormeaux / de Grosbois,45.605901731906485,-73.53436946868896,2,12
Parc Reine-Élizabeth (Penniston / Crawford),45.43914465255811,-73.59173655509949,14,1
Parc d'Antioche (Place d'Antioche / St-Zotique),45.59566584124368,-73.5596626996994,9,10
Parc de l'Hôtel-de-Ville (Ste-Julie / Laurendeau),45.630686043767284,-73.4948467835784,12,6
Centre récréatif Édouard-Rivet (Notre-Dame / Lesage),45.62846158049899,-73.49952153861523,14,1
Parc de Montréal-Est (Notre-Dame / David),45.61316323215739,-73.50989364087582,16,3
CHU Ste-Justine (de la Côte Ste-Catherine / Hudson),45.50398168549117,-73.62283945083618,11,24
Cégep Marie-Victorin,45.617499783128075,-73.60601127147675,6,3
Parc des Vétérans (des Vétérans / Broadway),45.63147192165401,-73.50819479674101,4,5
Bibliothèque Jean-Corbeil (Goncourt / Place Montrichard),45.6027276,-73.5579303,6,5
Aréna Chaumont (Chaumont / des Ormeaux),45.610926628992026,-73.54673445224762,11,5
de Côme / Jean-Talon,45.58830296569168,-73.57783721439773,0,14
Lapierre / Serge,45.43854405099729,-73.62021625041962,10,4
Lacombe / Victoria,45.49048314001669,-73.62913727760315,5,13
Centre des loisirs (Tassé / Grenet),45.51473429416659,-73.69144901633263,2,10
Ateliers municipaux de St-Laurent (Cavendish / Poirier),45.506175841460966,-73.71118605136871,7,9
Langelier / Marie-Victorin,45.61451982045293,-73.6118745803833,4,10
Travaux publics LaSalle (Cordner / Léger),45.44527192876118,-73.62448364496231,0,13
St-Antoine / 19e avenue,45.43993803436114,-73.68146234754022,4,11
du Canal / McLaughlin,45.42969214118378,-73.6694884300232,18,5
Parc Sauvé (Balzac / de Bayonne),45.598880374710674,-73.63657951360437,12,3
de la Côte-Ste-Catherine / Decelles,45.50094101588506,-73.62563699483871,0,19
Parc Ernest-Rouleau (Gouin),45.63131269772338,-73.61631497740746,5,12
Stationnement incitatif de Mortagne (Ampère),45.57251733677832,-73.44312071800232,11,11
Quai Yvon-Julien (Marie-Victorin / de Montarville),45.606718042243784,-73.45692034810781,5,15
Parc St-Laurent (Salk / Thomas-Chapais),45.6062348,-73.6287838,2,11
Parc Aimé-Léonard (Gouin / Ste-Gertrude),45.60835820969716,-73.63850623369217,11,5
St-Timothée / Robin,45.51863175803531,-73.56112986803055,6,15
Carrefour Angrignon (Angrignon / Newman),45.44843408492706,-73.6129454523325,1,14
Gare LaSalle (Highlands),45.425612687757926,-73.65713578464238,3,16
Mairie d'arrondissement Montréal-Nord (Hébert / de Charleroi),45.59398503487043,-73.63767206668854,12,6
Parc Beaulac (rue Élizabeth),45.5200557245067,-73.67795147001743,3,10
Parc Stoney-Point (St-Joseph / 47e avenue),45.43656827071224,-73.70836973190308,10,6
Parc LaSalle (10e avenue / Victoria),45.43805550384184,-73.67273926734924,10,8
Parc Ottawa (de Belleville / Fleury),45.58116,-73.6412434,14,1
Parc Noel-Nord (Toupin / Keller),45.51758306374252,-73.72661411762238,5,13
Parc du Bois-Franc (de l'Équateur / des Andes),45.51317758246596,-73.71306091547012,13,4
Parc Grovehill (St-Antoine / Ivan-Franko),45.43982382100397,-73.69487822055817,0,15
Parc Chamberland (Dorais / de l'Église),45.502989,-73.689113,6,9
Parc Summerlea (53e avenue / St-Joseph),45.43836713933041,-73.71546685695648,10,4
Parc Kirkland (des Érables / Boyer),45.44606092178209,-73.65079946815968,11,2
de Mortagne / Jean-Neveu,45.56923752103412,-73.44949901103973,14,4
Hôpital Pierre-Boucher (Jacques-Cartier / Bourdon),45.536532102952236,-73.4576690196991,15,4
de Mortagne / de Montarville,45.59147977279279,-73.43605846166611,6,12
Irwin / Allard,45.44890342900198,-73.6049048602581,8,7
du Fort Saint-Louis / de la Perrière,45.613330089384625,-73.45154017210007,11,2
Parc Olympique (Pie-IX / Sherbrooke),45.554824549823,-73.55370283126831,5,20
LaSalle / 90e avenue,45.41774583815495,-73.64518761634827,1,14
HEC (Decelles / Jean-Brillant),45.497722829899764,-73.61925333738327,14,10
Hôpital Santa Cabrini (de Pontoise / d'Évreux),45.58135403391153,-73.57260999085156,1,11
Parc St-Laurent (Dutrisac),45.52591381815231,-73.68911147117615,6,10
Parc Eusèbe-Ménard (Gouin / St-Vital),45.59253950875074,-73.64874824881554,11,5
IUSMM (Georges-Villeneuve),45.58661042838809,-73.52969169616699,13,6
Parc Garibaldi (Liénart / Bélanger),45.586476480180046,-73.570396900177,3,10
Square Nelligan (des Appalaches / Alexis-Nihon),45.51431824920811,-73.70799824595451,10,5
Parc Honoré-Mercier (Notre-Dame / Liébert),45.59275253568305,-73.51035632193089,18,7
Hôpital Général Juif (de la Côte-Ste-Catherine / Légaré),45.49624140543275,-73.62983867526054,11,15
Parc Charleroi (Alfred / Louis-Francoeur),45.59953472156509,-73.62360253930092,8,4
Parc Hébert (Colbert / Provencher),45.57237805962001,-73.59370462596415,10,4
Métro Édouard-Montpetit (du Mont-Royal / Vincent-d'Indy),45.5102725432849,-73.61140972936482,2,22
Mairie d'arrondissement St-Laurent (Beaudet / Marcel-Laurin),45.50682415585665,-73.68184804916382,13,13
Gare St-Michel / Montréal-Nord (Pie-IX / 56e),45.583197821913785,-73.62978704273701,3,12
Parc Maurice-Bélanger (Hébert / Denommée),45.5877138098252,-73.63171823322773,3,12
Parc du Mail (Bois de Coulonges / du Mail),45.59833498124187,-73.54596734046936,4,11
Jean-Paul-Vincent / Adoncour,45.5646764291021,-73.47957750896057,5,10
Gare Lachine (Sir George Simpson / 48e avenue),45.447821314280105,-73.71091783046722,2,12
Parc St-Gabriel (Grand Trunk / Ropery),45.478545712518894,-73.56572315096855,10,8
Grenet / Poirier,45.51871924623225,-73.69875401258469,1,13
Bibliothèque du Vieux-St-Laurent (de l'Église / Filiatrault),45.512843286755896,-73.67612421512604,3,14
Gare du Ruisseau (Dutrisac / Henri-Bourassa),45.52814371649508,-73.69254536926746,12,6
Hochelaga / de l'Assomption,45.566883091095185,-73.53943817317486,7,15
Gare Montpellier (Muir / de la Côte-Vertu),45.52374047147138,-73.67169924080372,13,1
Fernand-Lafontaine / Adoncour,45.5512193,-73.483912,9,6
Industriel / Louis-J.-Lafortune,45.58190955549507,-73.45529912039638,11,5
Parc Delorme (Malouin / Laferté),45.5904902,-73.5902694,12,5
Parc Luigi-Pirandello (de Bretagne / Jean-Rivard),45.57940569041942,-73.60258877277374,7,5
Parc Wilfrid-Bastien (Lacordaire / des Galets),45.5864002,-73.5952181,11,7
Parc Armand-Bombardier (Perras / Armand-Bombardier),45.6391233,-73.5961118,7,8
Métro Snowdon (Circle / Queen-Mary),45.48514885008702,-73.6275440454483,10,12
Métro Côte-des-Neiges (Jean-Brillant / de la Côte-des-Neiges),45.495537539518104,-73.6222583055769,13,15
Faillon / St-Denis,45.539890852781404,-73.62026989459991,15,7
Parc des Rapides (LaSalle / 6e avenue),45.42947143740888,-73.59309915918857,7,15
St-Antoine / St-François-Xavier,45.5045770667804,-73.55918392539024,2,16
St-Dominique / St-Zotique,45.53226461018495,-73.6110632121563,14,16
Benny / Sherbrooke,45.4648769981855,-73.62659722566605,12,5
des Jockeys / Décarie,45.49404432109336,-73.65449488162994,17,1
St-Jacques / St-Laurent,45.50644464920572,-73.55648696422577,6,8
Métro de la Savane (Décarie / de Sorel),45.500251758943925,-73.66171056035454,8,9
Park Row O / Sherbrooke,45.46072936353252,-73.63407254219055,11,0
Clark / St-Viateur,45.5251943015533,-73.59935637563467,4,9
Marquette / Fleury,45.56735205736566,-73.65378744900227,7,2
Chambord / Fleury,45.55982811984724,-73.65832507610321,7,3
des Récollets / Fleury,45.585388428776476,-73.6347109079361,11,4
Casgrain / Maguire,45.52621764749851,-73.5957657695144,1,22
St-Jean-Baptiste / René-Lévesque,45.64141535746634,-73.4999567270279,2,13
Turgeon / Notre-Dame,45.478888528072076,-73.58198940753937,8,11
Richardson / Montmorency,45.484966061164755,-73.56032252311707,16,14
de Gaspé / de Liège,45.54248521237199,-73.63634169101715,2,19
de Gaspé / St-Viateur,45.527672646696104,-73.59738260507582,1,18
Place du Village (St-Jean-Baptiste / Notre-Dame),45.640002860465096,-73.49011301994324,7,8
St-Ambroise / Louis-Cyr,45.47519326260791,-73.58094334602356,13,13
d'Outremont / Ogilvy,45.526870027508245,-73.62676186490717,1,17
du Tricentenaire / Prince-Albert,45.64954588445726,-73.49191546440125,6,8
Jeanne-Mance / Beaubien,45.527650097960205,-73.61229971051216,2,12
St-Dominique / St-Viateur,45.52655700191558,-73.5982757806778,2,29
Parc St-Paul (Le Caron / Marc-Sauvalle),45.461741021347436,-73.58412176370621,9,13
de L'Esplanade  / Fairmount,45.521484558655224,-73.59684884548187,15,4
Bernard / Jeanne-Mance,45.52428310031213,-73.6049484461546,4,19
Monk / de Biencourt,45.458663192410306,-73.59602272510529,13,1
Duvernay / Charlevoix,45.482097305112845,-73.57487753033638,10,11
Davaar / de la Côte-Ste-Catherine,45.514379,-73.610871,2,12
Waverly / St-Viateur,45.5238561444472,-73.60012650489807,1,16
Parc Atwater (Saint-Charles),45.477300883436854,-73.57314472410508,6,13
Métro Place Saint-Henri (St-Ferdinand / St-Jacques),45.47728092665489,-73.58730420470238,5,26
Drolet / Jarry,45.54195463236575,-73.62994194030762,2,15
Louis-Hémon / Rosemont,45.544500877623655,-73.58810484409332,7,12
McCulloch / de la Côte Ste-Catherine,45.51577505385328,-73.60060930252075,12,6
Louis-Hébert / de Bellechasse,45.546661109634606,-73.58868420124054,7,16
Jeanne-Mance / St-Viateur,45.523026476635074,-73.60184043645859,13,10
Egan / Laurendeau,45.45290792768395,-73.58918591405198,12,3
Léa-Roback / Sir-Georges-Etienne-Cartier,45.471703687608354,-73.58268946409225,30,5
Métro Monk (Allard / Beaulieu),45.451030919298056,-73.5939010977745,7,10
de Rouen / Lespérance,45.538859462962286,-73.5528177022934,16,7
Laurier / de Brébeuf,45.532449016819825,-73.5847695171833,18,13
de Rouen / Hogan,45.53636263222538,-73.55421245098114,10,5
Bloomfied / Elmwood,45.51825588419192,-73.60320568084717,4,11
du Havre / de Rouen,45.53456256501449,-73.55478646466509,15,11
Aylmer / Sherbrooke,45.50629456823703,-73.57282698154448,2,25
Durocher / Sherbrooke,45.507088290505685,-73.57227981090546,0,22
Bloomfield / Van Horne,45.522745298216094,-73.61328139901161,3,20
Calixa-Lavallée / Sherbrooke,45.52479,-73.56545,3,12
Shearer / Centre,45.4828250990486,-73.56206325352105,9,6
Milton / Durocher,45.508140959417744,-73.57492983341217,0,26
Alexandre-DeSève / Ontario,45.52437454361268,-73.56055689979257,31,3
Gauthier / de Lorimier,45.53166363055749,-73.56536373496056,16,6
Ryde / Charlevoix,45.4757434,-73.5646007,21,5
Parc Jean-Drapeau (Chemin Macdonald),45.512470265414784,-73.53212228978008,7,26
Métro Charlevoix (Charlevoix / Centre),45.47840064366771,-73.56917751956644,11,15
Ste-Catherine / St-Denis,45.5138663042805,-73.56042764151425,13,2
Métro de la Concorde (Léo-Lacombe),45.5604898518365,-73.7091851234436,11,8
20e avenue / de Bellechasse,45.55992951142522,-73.5767751932144,6,10
Louis-Hébert / St-Zotique,45.55001,-73.59576,8,7
Métro Cartier,45.56007440937141,-73.68125259876251,3,16
Garnier / St-Grégoire,45.5358215436799,-73.58710169792175,0,23
des Érables / Bélanger,45.54912085535069,-73.60087350010872,5,10
de Lanaudière / Laurier,45.5333136054992,-73.58373686671257,24,2
Métro Montmorency,45.55814299291968,-73.71942043304443,12,8
Cartier / Bélanger,45.546779039476185,-73.60281676054001,10,12
Fullum / Gilford,45.539198007249375,-73.5737818479538,18,5
Métro Angrignon (Lamont / des Trinitaires),45.44650450192042,-73.6025619506836,19,1
de Soissons / de Darlington,45.50689914049937,-73.623526096344,14,9
Holt / Fullum,45.543937325185645,-73.58444631099701,4,23
Chambord / Beaubien,45.539900246044354,-73.59936207532883,5,17
McKenna / Édouard-Montpetit,45.50116436275711,-73.62056359648705,13,6
McNamara / St-Martin O,45.57120355585774,-73.72351884841918,7,20
Fabre / St-Zotique,45.543653916207866,-73.60126135876271,14,4
de Kent / de la Côte-des-Neiges,45.50144933057703,-73.63305062055588,37,1
de la Peltrie /de la Cote-des-Neiges,45.499665790644286,-73.63029062747955,24,6
Boyer / Jean-Talon,45.541569834507,-73.61250426627521,0,19
Ste-Croix / Tassé,45.51953948301331,-73.68516325950623,13,10
Louisbourg / O'Brien,45.53039449604383,-73.70393217686795,11,6
Chapleau / du Mont-Royal,45.53867,-73.56936,9,10
de Gaspé / Dante,45.53429782539273,-73.61217230558395,18,2
de Bullion / St-Joseph,45.524186371734054,-73.59061207629566,3,20
Métro Plamondon (de Kent / Victoria),45.494686752797904,-73.63871866467889,19,3
Logan / Tiffin,45.513787364296896,-73.50874415600629,10,5
De Callières / d'Auvergne,45.593421978698636,-73.6690217256546,19,3
McLynn / Plamondon,45.48911308766352,-73.6470128595829,15,3
Logan / Lafayette,45.51654502289009,-73.50663459861607,7,12
Parc Bariteau (Saint-Georges),45.507181850364056,-73.49484494889111,2,12
Terminus Le Carrefour (Terry-Fox / Le Carrefour),45.56842034638607,-73.74687284231186,17,13
Métro Longueuil - Université de Sherbrooke (du Terminus),45.5233308452134,-73.52013658267424,0,33
Parc D.-E.-Joyal (Édouard / Windsor),45.50073113467841,-73.47395724618764,6,9
Parc Henri-Dunant (Léger / Henri-Dunant),45.56843961893042,-73.6752020941276,20,6
Ouimet / Goineau,45.57504823374693,-73.68799567222595,19,15
Alton-Goldbloom / Notre-Dame,45.54502601340392,-73.73787671327591,9,13
Sauriol / Cartier O,45.547431259234145,-73.71622860431671,4,15
Daniel-Johnson / Cartier O,45.54334371050831,-73.72530519962311,8,19
de Hampton / de Monkland,45.47117930747152,-73.6270022392273,11,1
Parc St-Claude (7e Avenue / 8e rue),45.56206585263884,-73.69186341762543,6,20
Curé-Poirier / Joliette,45.520341697849844,-73.48791999746027,12,11
Desaulniers / Marquette,45.524680035316116,-73.51046747529834,9,12
St-Laurent / Joliette,45.52893060032485,-73.51326006931231,8,12
Mayfield / St-Martin O,45.553017541248565,-73.75822663307189,5,14
de Chenonceau / Chomedey,45.56157,-73.75448,11,11
Clark / de Liège,45.539988024015756,-73.63811277307832,4,12
St-Dominique / Gounod,45.538591573269706,-73.62778007984161,12,5
Chabot / Villeray,45.552289376429215,-73.61300647258759,9,6
Saint-Rémi / Valois,45.583961790351886,-73.72082591056824,10,13
Lajeunesse / de Liège,45.54566376066234,-73.63510044919167,4,11
Parc Chopin (Dumouchel / Tessier),45.570726609302966,-73.7370860205192,4,15
Le Corbusier / St-Martin O,45.565006717407506,-73.7319054454565,3,14
de Grenoble / de Cassis,45.57889719514108,-73.70492711663245,4,14
Bercy / Rachel,45.53840340979245,-73.56196403503418,3,16
Murray / Wellington,45.49225247724067,-73.55850666761398,5,22
2e avenue / Centrale,45.43289463113104,-73.59685689210892,6,7
Parc St-Patrick (St-Patrick / St-Columban),45.48870785150952,-73.55899317193689,13,3
Peel / Ottawa,45.49419955357054,-73.55998456478119,8,18
du Rosaire / St-Hubert,45.54481928225348,-73.6215104162693,9,13
Gauthier / Parthenais,45.53292625574653,-73.56377989053726,3,12
Fullum / Ontario,45.5303174,-73.5548669,11,2
Lionel-Groulx / Georges-Vanier,45.48632828127419,-73.57357263565062,0,0
Greene / Workman,45.481069047931975,-73.57935216285114,6,17
Pierre-Péladeau / du Centropolis,45.56251175219665,-73.74370649456978,6,24
Gloria / Dollard,45.42971096449354,-73.633883446455,3,11
Bel Air / St-Antoine,45.4824297233159,-73.58367975812143,14,1
de l'Église / Bannantyne,45.4632535358533,-73.57587933540344,11,4
Fullum / Ste-Catherine,45.527137816431285,-73.54804444319598,1,21
des Érables / Laurier,45.538514913607656,-73.57769921422005,3,11
Bourget / St-Jacques,45.48067368593179,-73.58351558446884,3,11
René-Philippe / André-Charpentier,45.496967676737675,-73.49533898759546,10,9
Parc du Pélican (2e avenue / St-Joseph),45.544580831168204,-73.5717111825943,17,2
5e avenue / Bannantyne,45.456491928161036,-73.57604078018994,11,3
Parc Joyce (Rockland / Lajoie),45.515617,-73.614991,8,7
Parc Pratt (Dunlop / Van Horne),45.514918954061876,-73.61968517303467,4,10
St-Patrick / Briand,45.46366064035559,-73.59586715698242,12,3
Melville / de Maisonneuve,45.48184019359366,-73.59537899494171,14,1
Lamarre / Lavallée,45.53374770433337,-73.48599582910538,2,17
Parthenais / du Mont-Royal,45.53640396516409,-73.57141345739365,23,0
Parc Laurier (Laurier / Dubuc),45.533610547532355,-73.47374618053436,7,12
St-Dominique / Jean-Talon,45.53520398241678,-73.6175217570053,17,13
Labonté / du Coteau-Rouge,45.526787093145025,-73.49153663970355,15,6
Cégep Édouard-Montpetit (de Normandie),45.53724605357659,-73.49498215598032,5,11
Natatorium (LaSalle / Rolland),45.4443505862464,-73.57542979723802,16,7
des Érables / Dandurand,45.541338159973364,-73.58389914035797,5,13
Jacques-Le Ber / de la Pointe Nord,45.47259900304475,-73.5398056358099,1,26
Cartier / Dandurand,45.53923559055867,-73.58594566583633,7,15
de Bordeaux / de Bellechasse,45.54325917626278,-73.59154611825943,8,10
Place Charles-Le Moyne (St-Charles),45.52504512475178,-73.51951967460082,2,17
Métro Jarry (Lajeunesse / Jarry),45.54355974189168,-73.62777203321457,10,11
Campus MIL (Outremont / Thérèse-Lavoie Roux),45.52311432992147,-73.61815363168716,1,21
Parc Chenier (de l'Aréna / Chenier),45.60248649638568,-73.5432904958725,3,16
de Grosbois / Duchesneau,45.611230741550536,-73.5312415660519,7,6
Mansfield / de la Gauchetière,45.499078974175056,-73.56702102351846,0,18
de la Cathédrale / Saint-Antoine,45.497480937983774,-73.56584353376093,4,26
Letourneux / Hochelaga,45.55465888075087,-73.54660302400589,7,8
Mansfield / Sherbrooke,45.50301533529815,-73.5751303658617,2,19
de Gentilly / St-Jean,45.532497613819366,-73.49942399192514,14,5
de Bellechasse / de St-Vallier,45.53341043363302,-73.60112428665161,0,19
Louis-Hébert / Bélanger,45.55158518908433,-73.59916493296623,7,12
de Melrose / Sherbrooke,45.46991202213883,-73.61735232174397,11,8
Desjardins / Ontario,45.55118417872238,-73.54087114334106,4,14
Drummond / des-Canadiens-de-Montréal,45.49676067752141,-73.57027635600843,1,25
Alma / de Bellechasse,45.531034186281765,-73.60352754592896,7,10
Guy / Sainte-Catherine,45.49497512853125,-73.57777043248461,2,29
Mackay / René-Lévesque,45.49445745087875,-73.57411649085407,4,25
de Gentilly / Roland-Therrien,45.54086016564935,-73.49124181550906,8,12
Marquette / du Coteau-Rouge,45.52022330145822,-73.49676324058237,3,16
Brébeuf / Curé-Poirier,45.52688330834135,-73.48339325750203,15,4
Cartier / St-Joseph,45.53582823686429,-73.57869029045105,5,14
Roy / Saint-Laurent,45.51565182195085,-73.57577390039296,22,1
Péloquin / Fleury,45.55702223161539,-73.6599015713,2,11
Canning / Notre-Dame,45.486318644010225,-73.5702332854271,5,5
Augustin-Cantin / Shearer,45.48390169543355,-73.56363236904144,7,22
Churchill / Empire,45.49211844605989,-73.48672430497572,3,16
Jeanne-Mance / St-Martin O,45.55729575447216,-73.74795377254486,15,6
Sewell / Roy,45.51467743947122,-73.57659816741943,12,6
Guizot / St-Laurent,45.53968044327973,-73.63450437784195,7,11
90e Avenue / Boulevard Lévesque O,45.53121456506295,-73.74735295772552,17,13
St-André / Rachel,45.52409561323593,-73.57537156904073,14,1
Laval / du Mont-Royal,45.5223645775784,-73.58414590358734,8,10
Ste-Famille / des Pins,45.512856179335664,-73.57692807912827,7,15
Beauregard / La Salle,45.511126706889264,-73.4860880487031,9,9
Lebrun / Bédard,45.5470644513283,-73.45196210302673,6,9
Fullum / Terrasse Mercure,45.535541603465234,-73.56593906879425,7,20
1ère avenue / Rosemont,45.54779995287998,-73.58486741781235,4,11
Boyer / St-Joseph,45.529493172855894,-73.58450902629556,5,14
St-Charles / Montarville,45.5335557310391,-73.51536766939716,1,17
Guizot / St-Denis,45.543423548290185,-73.63246187567711,2,19
Marie / de Mont-Royal,45.497292117993744,-73.48374999130101,11,9
Garnier / St-Joseph,45.53329492220251,-73.58165103477404,12,6
Métro Champ-de-Mars (Hôtel-de-Ville / Viger),45.50956143036354,-73.55743234369584,8,10
Ontario / Sicard,45.55626186680846,-73.53744059801102,6,12
de Bordeaux / Sherbrooke,45.529914321737415,-73.56302618980408,7,13
La Fontaine / Alexandre-de-Sève,45.52330366033427,-73.55799973011017,11,8
Nicolet / Sherbrooke,45.54969542033443,-73.55464696884155,15,6
Parc St-Sacrement (des Seigneurs / St-Sacrement),45.70234934325735,-73.63957804443088,9,9
Terminus de bus EXO (Côte de Terrebonne),45.697815037503666,-73.65406465532033,10,11
5e avenue / Masson,45.54752382909683,-73.57513636350632,23,1
Mozart / St-Laurent,45.53328624709234,-73.61546382309369,1,21
de la Côte St-Antoine / Argyle,45.48624101696415,-73.59572768211365,7,8
7e avenue / St-Joseph Rosemont,45.54710817336986,-73.56936693191528,13,12
Bourbonnière / du Mont-Royal,45.55358456339093,-73.56052905321121,13,8
Marie-Anne / Papineau,45.53176697148175,-73.5724139213562,21,0
5e avenue / Rosemont,45.54990048023633,-73.58308374881744,14,5
Bibliothèque et Complexe aquatique Rosemont (8e avenue / Rosemont),45.55151193681962,-73.58207792043686,10,4
16e avenue / St-Joseph,45.55293611277267,-73.56577143073082,4,19
de la Roche / Bélanger,45.541669595766315,-73.60760450363159,11,12
Dandurand / D'Iberville,45.5443716426341,-73.5809513926506,8,8
de Chambly / Rachel,45.54991069359101,-73.55826258659361,1,20
Parc J.-Arthur-Champagne (de Chambly / du Mont-Royal),45.551584,-73.561916,12,7
Robert-Bourassa / René-Lévesque,45.502182909901194,-73.56825381517409,1,31
de l'Esplanade / Beaubien,45.528399838582324,-73.61192286014557,3,12
St-Dominique / de Bellechasse,45.52952466565309,-73.60488876700401,2,28
de Bordeaux / du Mont-Royal,45.53451201270128,-73.57283771038055,20,0
Fabre / Laurier,45.53458691154375,-73.58259929347696,8,14
Garnier / du Mont-Royal,45.53075597398246,-73.5761762317452,22,0
Parc Père-Marquette (Chambord / Rosemont),45.537087833013324,-73.59321847558022,3,40
8e avenue / Beaubien,45.553150698635406,-73.58768105506897,12,3
Louis-Hémon / Jean-Talon,45.5517742671765,-73.60347837231528,2,17
Drolet / Beaubien,45.533348,-73.605834,7,16
Brittany / Ainsley,45.52588991809354,-73.65003436803818,3,14
de Bordeaux / Jean-Talon,45.54975479298636,-73.60556602478027,4,11
Collège Grasset (Crémazie / Christophe Colomb),45.550989649719114,-73.63216600382657,3,16
Boyer / Everett,45.54310243053054,-73.61607524188003,7,12
de Gaspé / Beaubien,45.531957916826386,-73.60700100660324,3,16
Hodge / Laperrière,45.51369983907863,-73.6650772206849,7,11
de la Roche / de Bellechasse,45.53718135927993,-73.59750330448149,2,12
Métro Beaubien (de Chateaubriand / Beaubien),45.5353599615622,-73.60363483428955,8,19
du President-Kennedy / Union,45.505102242483595,-73.57187882065773,0,23
University / des Pins,45.50802525900976,-73.57988489795387,3,28
Darling / Sherbrooke,45.54545514686953,-73.55673909187317,4,19
Drolet / St-Zotique,45.53488214147823,-73.60941231250763,8,11
Mackay / de Maisonneuve,45.496840189747,-73.5792407642475,9,26
de Maisonneuve / Greene,45.48697062,-73.58929306,2,17
Hillside / Ste-Catherine,45.48282602624293,-73.59084337949753,12,3
Plessis / Logan,45.5218942750191,-73.55725058932876,6,12
St-Jacques / McGill,45.50139912055804,-73.56039762496947,2,29
Émile-Journault / de Châteaubriand,45.54971240353109,-73.6406914051804,7,20
St-Jean / Guillaume,45.53524851020352,-73.5068191587925,4,11
Hochelaga / Chapleau,45.5343711000901,-73.55968952178955,6,13
d'Orléans / Hochelaga,45.55063206740221,-73.54912223921929,7,11
Bibliothèque de Verdun (Brown / Bannantyne),45.44878841549165,-73.57767310000781,7,8
Métro de Castelnau (de Castelnau / St-Laurent),45.53552563367942,-73.61981123685837,1,20
Métro Préfontaine (Préfontaine / Hochelaga),45.54224663397568,-73.55461478233337,15,15
Bishop / René-Lévesque,45.49536795507059,-73.57401251792908,17,14
Grand Boulevard / Sherbrooke,45.46659823105616,-73.62334638833998,11,5
Dézéry / Ontario,45.54095791741757,-73.54702949523926,18,8
Hôpital Maisonneuve-Rosemont (Rosemont / Chatelain),45.575707,-73.561562,11,24
Lincoln / St-Mathieu,45.49503704949293,-73.58157634735107,3,19
4e avenue / de Verdun,45.45686162938348,-73.57212341392369,4,11
Dubois / Eadie,45.45760820718457,-73.59051011502743,22,1
de Gaspé / Villeray,45.53888723230076,-73.62390697002411,7,10
Marcil / Sherbrooke,45.471743,-73.613924,10,17
Leman / de Chateaubriand,45.54721107501036,-73.63105237483978,2,16
Harvard / de Monkland,45.474565185029945,-73.62403571605682,17,2
William / St-Henri,45.49896591854122,-73.55703081942919,10,5
d'Orléans / Masson,45.557192,-73.569847,18,1
Collège de Rosemont (Beaubien / 15e avenue),45.55774990838239,-73.58380123972893,4,17
de Chambly / de Rouen,45.5470496637535,-73.54892179369926,5,5
Boileau / Monsabré,45.57175879648152,-73.54176163673401,6,9
Laval / Duluth,45.519192617838605,-73.57715926134915,19,7
de Brébeuf / du Mont-Royal,45.52922355524467,-73.57784914976946,8,14
de la Roche / Everett,45.544867,-73.614841,2,20
Drummond / Sherbrooke,45.500535752214155,-73.578113079202,4,19
Stinson / Montpellier,45.519485452174514,-73.66647094488144,6,12
Garnier / Villeray,45.54948004519436,-73.61605471489383,5,18
Marie-Anne / de la Roche,45.527550507601894,-73.5762870311737,16,3
Drolet / Gounod,45.54095134225734,-73.62637460231781,5,14
Queen / Wellington,45.49760527699099,-73.55534970760345,30,17
Villeneuve / St-Dominique,45.522272664526696,-73.58870131898584,9,14
Panet / Ste-Catherine,45.52002998668944,-73.55491518974304,2,20
Waverly / Beaumont,45.53118825986005,-73.61607760190964,1,18
Redpath / Sherbrooke,45.49807529130555,-73.58057856559753,1,18
de la Roche / Laurier,45.531778245025635,-73.5850203037262,12,5
Jean-Rivard / du Cirque,45.56268743796862,-73.61651211977005,13,7
de Gaspé / Jarry,45.540780049797995,-73.63040059804916,8,6
Gilford / Papineau,45.5343936461316,-73.57823699712753,6,8
St-Hubert / René-Levesque,45.514481971650625,-73.5568732023239,3,15
Alexandre-DeSève / Ste-Catherine,45.52118763358253,-73.55378866195679,6,12
Clark / Evans,45.511105776623936,-73.56784012175922,7,11
Hogan / Ontario,45.53530299560492,-73.55113729834557,4,7
Drummond / Ste-Catherine,45.49861674293281,-73.5741600394249,27,24
Hotel-de-Ville / du Mont-Royal,45.522178004145694,-73.58460858464241,3,15
de la Sorbonne / du Rousillon,45.58060341546917,-73.68892639875412,9,13
St-Laurent / de Chambly,45.5398841503055,-73.504639035109,14,7
St-Patrick / Thomas-Keefer,45.47801152713375,-73.57427294832632,26,3
McGill / Place d'Youville,45.500014581102505,-73.55625258141116,3,25
Union / René-Lévesque,45.50235036136798,-73.56658279895781,19,8
de Lanaudière / du Mont-Royal,45.53008802331729,-73.57688208474428,21,7
Le Royer / St-Laurent,45.50597445022123,-73.55429930616083,2,16
de Maisonneuve / de Bleury,45.507038862243604,-73.56912677500077,0,28
St-Dominique / du Mont-Royal,45.52058062365273,-73.5857605934143,26,1
Collège Bois-de-Boulogne (Bois-de-Boulogne),45.53690740947054,-73.67478135508463,9,11
Metcalfe / de Maisonneuve,45.50177034353527,-73.57427495998309,0,23
Laurier / St-Denis,45.5271540234837,-73.58943924307823,11,14
Chabanel / Esplanade,45.54132316817171,-73.65271349801333,3,20
Wellington / Gordon,45.46115406449117,-73.56709241867065,2,23
Wellington / de l'Église,45.463112645131076,-73.56705610964127,17,2
Bishop / Ste-Catherine,45.496597761984034,-73.57650284979172,7,15
Wellington / 3e avenue,45.45749246180326,-73.56758799411182,4,13
Marmier / St-Denis,45.53080495407925,-73.59839648008347,10,17
Berri / Gilford,45.52677632748293,-73.58606100082396,0,18
Earnscliffe / Queen-Mary,45.48184399150666,-73.6303972452879,6,16
Notre-Dame-de-Grâce / Décarie,45.477332647079656,-73.61529976129532,14,1
Roy / St-Denis,45.51908,-73.5727,13,12
Parc Jeanne-Mance (monument sir George-Étienne-Cartier),45.51487490356938,-73.58486406505108,35,10
Parc Jeanne-Mance (du Mont-Royal / du Parc),45.51689731423111,-73.58910799026489,14,18
Parc Howard (de l'Épée / de Liège),45.533376932033164,-73.64228380847635,5,15
de la Cathédrale / René-Lévesque,45.499161694813886,-73.56931967664423,1,30
La Tour de Montréal (Pierre-de-Coubertin / Bennett),45.55970526805903,-73.55155438184738,2,20
d'Anvers / Wiseman,45.53014304871808,-73.6400398240221,7,12
Chabot / Beaubien,45.54442573762501,-73.59578132629395,4,11
Parthenais / Larivière,45.53025954525953,-73.55784621096973,11,19
St-Jacques / Gauvin,45.50065923264611,-73.5611384269032,9,10
St-Cuthbert / Clark,45.51567168354896,-73.57744306325912,15,4
Henri-Julien / du Mont-Royal,45.52302929545924,-73.58409225940704,0,27
Boyer / St-Zotique,45.53866220045916,-73.60580742359161,3,16
Crescent / de Maisonneuve,45.49812041247333,-73.57759594917297,2,21
Bennett / Ste-Catherine,45.55315915057821,-73.53263273835182,8,13
Marianne / de Lorimier,45.53402821126129,-73.57024937868117,27,9
de la Gauchetière / St-Alexandre,45.50295893873599,-73.56374170638446,4,14
St-Dominique / St-Viateur Nord,45.526967994427125,-73.59916895627975,8,15
St-Timothée / Ste-Catherine,45.5170563208812,-73.55770137168292,6,15
Victoria / 39e avenue,45.44001578400139,-73.70019972324371,3,11
Principale / Jean-Duceppe,45.587907229193526,-73.34771825004282,12,7
Terminus Ste-Julie (Armand-Frappier),45.58231159807488,-73.32433423960538,6,11
N.-P. Lapierre / Armand-Frappier,45.57978196712583,-73.34458894098134,3,12
du Fer-à-Cheval / des Hauts-Bois,45.57231912648751,-73.32789487207265,11,4
St-Joseph / Lamoureux,45.59260312756609,-73.33754654508994,8,7
Keller / Cousineau,45.52355020292929,-73.7138856947422,8,6
des Érables / Beaubien,45.54614641841041,-73.59369993209839,12,11
Casino de Montréal,45.5063732,-73.52457672,14,20
Bassin olympique (Chemin du Chenal le Moyne),45.5169025120042,-73.52724552154541,12,6
Parc Plage,45.50263299287665,-73.52748987080304,8,10
St-Dominique / Rachel,45.51861160491394,-73.58156056457119,16,6
Duluth / de l'Esplanade,45.515132275425785,-73.58105599880219,17,9
Bourbonnière / Ontario,45.547958148186225,-73.54309067130089,11,7
de la Porte de Québec / St-André,45.51329411414168,-73.55057805776596,17,6
Jean-d’Estrées / Notre-Dame,45.494390273885884,-73.56391131877899,2,21
Atateken / du Square Amherst,45.52058271176779,-73.56395011160203,18,1
de Mentana / du Mont-Royal,45.52694544540877,-73.58005285263062,5,17
Plessis / René-Lévesque,45.51937504116866,-73.55190977454185,0,15
St-André / Ontario,45.51889,-73.56353,6,13
Drolet / Marie-Anne,45.522402573414084,-73.58117669820786,8,11
Cartier / Masson,45.5380207402854,-73.58352363109587,5,9
René-Lévesque / Papineau,45.52097057660443,-73.5499919950962,3,35
Montcalm / de Maisonneuve,45.519131967116216,-73.55788965214742,14,1
Sanguinet / de Maisonneuve,45.51344071816516,-73.56261849403381,27,3
Square St-Louis (du Square St-Louis / Laval),45.516090801970655,-73.5701286792755,10,24
Ste-Catherine / Sanguinet,45.512936177874096,-73.56124520301817,18,20
McGill / Wellington,45.499447710650415,-73.55489909648894,8,23
Fairmount / Hutchison,45.51969064184933,-73.59826556408734,11,12
Milton / St-Laurent,45.512916325090295,-73.57055649161339,6,15
Aylmer / Prince-Arthur,45.508566869474386,-73.57769787311554,0,23
Théâtre du Vieux-Terrebonne (St-Pierre / des Braves),45.69223305604548,-73.63703128697125,9,9
de Monaco / du Souvenir,45.569501890755866,-73.7059235572815,5,14
Prince-Arthur / St-Urbain,45.51262123436571,-73.5737282037735,9,24
Lincoln / St-Marc,45.49404056072524,-73.58274042606354,3,14
du Parc / François-Foucault,45.605939260812214,-73.66295456886292,9,18
de Bordeaux / St-Joseph,45.53683253167888,-73.57777421686478,8,11
Parc Maisonneuve (Viau / Sherbrooke),45.56493679334249,-73.5555911064148,4,17
Calixa-Lavallée / Rachel,45.52787013859106,-73.57197269797325,18,12
St-Roch / Querbes,45.53020744279929,-73.62907156348228,8,10
St-Sylvestre / St-Charles,45.53638517746843,-73.51247191429138,8,14
Édouard-Montpetit / de Stirling,45.50737888711866,-73.61485987901688,18,9
Guy / Notre-Dame,45.490000580719105,-73.56706600863617,14,13
de Kent / Hudson,45.50582139761067,-73.62943192376406,26,0
Charles-Biddle / Atwater,45.47913738100108,-73.57514977455139,25,2
Marcil / de la Côte-Saint-Luc,45.47835429860073,-73.62848530239717,10,13
Villeneuve / du Parc,45.518197623521424,-73.59239235520363,10,4
Ann / Wellington,45.494520387544334,-73.55676591396332,9,6
des Carrières / Marquette,45.53857953787113,-73.58848571777344,6,19
d'Aragon / Springland,45.4533311522553,-73.59767496585846,19,0
Eadie / Galt,45.46299810854156,-73.59011898464814,13,5
Mountain Sights / Édouard-Montpetit,45.4872273014705,-73.63343954086304,13,6
Ste-Émilie / Sir-Georges-Etienne-Cartier,45.47301091860492,-73.58505249023438,16,7
Coffee / Elmhurst,45.454791592731134,-73.64039182662964,10,9
de Bordeaux / Masson,45.539037937964046,-73.58252048492432,8,11
Parc Hector-Toe-Blake (du Sussex / René-Lévesque),45.48915410275294,-73.58088755610879,4,13
Hamilton / Jolicoeur,45.45670692115263,-73.59764814376831,11,2
Lincoln / du Fort,45.49306511863136,-73.58382672071457,5,14
15e avenue / Dandurand,45.554786595434784,-73.57425928115845,7,16
Molson / Beaubien,45.54977750895228,-73.59132108093945,4,19
Montmorency / du bon Pasteur,45.55329239896619,-73.71069212807924,0,27
Robin / 15e Rue,45.55988743285077,-73.69822025299072,0,0
